-- phpMyAdmin SQL Dump
-- version 4.7.4
-- https://www.phpmyadmin.net/
--
-- Servidor: 127.0.0.1
-- Tiempo de generación: 23-02-2019 a las 00:50:32
-- Versión del servidor: 10.1.30-MariaDB
-- Versión de PHP: 7.2.1

SET SQL_MODE = "NO_AUTO_VALUE_ON_ZERO";
SET AUTOCOMMIT = 0;
START TRANSACTION;
SET time_zone = "+00:00";


/*!40101 SET @OLD_CHARACTER_SET_CLIENT=@@CHARACTER_SET_CLIENT */;
/*!40101 SET @OLD_CHARACTER_SET_RESULTS=@@CHARACTER_SET_RESULTS */;
/*!40101 SET @OLD_COLLATION_CONNECTION=@@COLLATION_CONNECTION */;
/*!40101 SET NAMES utf8mb4 */;

--
-- Base de datos: `chacra`
--

-- --------------------------------------------------------

--
-- Estructura de tabla para la tabla `acciones`
--

CREATE TABLE `acciones` (
  `id_acciones` int(11) NOT NULL,
  `id_componentes` int(11) NOT NULL,
  `acc_tipos` enum('Encender','Apagar','Corte Luz','Reestablecimiento Luz','Encender PIC') NOT NULL,
  `acc_fecha_alta` timestamp NOT NULL DEFAULT CURRENT_TIMESTAMP
) ENGINE=InnoDB DEFAULT CHARSET=utf8mb4;

-- --------------------------------------------------------

--
-- Estructura de tabla para la tabla `componentes`
--

CREATE TABLE `componentes` (
  `id_componentes` int(11) NOT NULL,
  `com_tipos` enum('Accionadores','Sensores') NOT NULL,
  `com_nombre` varchar(50) NOT NULL,
  `com_nombre_comando` varchar(10) NOT NULL,
  `com_tiempo_apagado` int(11) NOT NULL DEFAULT '0',
  `com_limite_inferior_temperatura` int(11) NOT NULL DEFAULT '0',
  `com_limite_superior_temperatura` int(11) NOT NULL DEFAULT '0',
  `com_limite_inferior_humedad` int(11) NOT NULL,
  `com_limite_superior_humedad` int(11) NOT NULL,
  `com_fecha_alta` timestamp NOT NULL DEFAULT CURRENT_TIMESTAMP
) ENGINE=InnoDB DEFAULT CHARSET=latin1;

--
-- Volcado de datos para la tabla `componentes`
--

INSERT INTO `componentes` (`id_componentes`, `com_tipos`, `com_nombre`, `com_nombre_comando`, `com_tiempo_apagado`, `com_limite_inferior_temperatura`, `com_limite_superior_temperatura`, `com_limite_inferior_humedad`, `com_limite_superior_humedad`, `com_fecha_alta`) VALUES
(1, 'Accionadores', 'Camara 01', 'L01', 1500000, 170, 230, 0, 0, '2019-02-13 14:22:03'),
(2, 'Accionadores', 'Camara 02', 'L02', 300000, 0, 0, 0, 0, '2019-02-13 14:27:01'),
(3, 'Accionadores', 'Camara 03', 'L03', 360000, 0, 0, 0, 0, '2019-02-13 14:27:12'),
(4, 'Accionadores', 'Camara 04', 'L04', 600000, 0, 0, 0, 0, '2019-02-13 14:27:20'),
(5, 'Accionadores', 'Invernadero', 'L05', 360000, 0, 0, 0, 0, '2019-02-13 14:27:27'),
(6, 'Sensores', 'Carrito 01', 'T01', 0, 20, 26, 40, 60, '2019-02-14 14:34:07'),
(7, 'Sensores', 'Carrito 02', 'T02', 0, 20, 28, 40, 60, '2019-02-16 00:12:50'),
(8, 'Sensores', 'Carrito 03', 'T03', 0, 20, 28, 40, 60, '2019-02-16 00:13:01'),
(9, 'Sensores', 'Carrito 04', 'T04', 0, 20, 28, 40, 60, '2019-02-16 00:13:11'),
(10, 'Sensores', 'Carrito 05', 'T05', 0, 20, 28, 40, 60, '2019-02-16 00:13:22'),
(11, 'Accionadores', 'Alarma 01', 'A', 0, 0, 0, 0, 0, '2019-02-16 21:49:57'),
(12, 'Sensores', 'Exterior 01', 'T00', 0, 20, 28, 40, 60, '2019-02-16 23:16:16');

-- --------------------------------------------------------

--
-- Estructura de tabla para la tabla `groups`
--

CREATE TABLE `groups` (
  `id` mediumint(8) UNSIGNED NOT NULL,
  `name` varchar(20) NOT NULL,
  `description` varchar(100) NOT NULL
) ENGINE=InnoDB DEFAULT CHARSET=utf8;

--
-- Volcado de datos para la tabla `groups`
--

INSERT INTO `groups` (`id`, `name`, `description`) VALUES
(1, 'admin', 'Administrador'),
(2, 'inspector', 'Usuarios Inspectores'),
(3, 'encargado', 'Encargados de Empresas');

-- --------------------------------------------------------

--
-- Estructura de tabla para la tabla `horarios`
--

CREATE TABLE `horarios` (
  `id_horarios` int(11) NOT NULL,
  `id_componentes` int(11) NOT NULL,
  `id_importaciones` int(11) NOT NULL,
  `hor_fecha` date NOT NULL,
  `hor_hora` int(11) NOT NULL,
  `hor_minutos` int(11) NOT NULL,
  `hor_segundos` int(11) NOT NULL DEFAULT '0'
) ENGINE=InnoDB DEFAULT CHARSET=utf8mb4;

--
-- Volcado de datos para la tabla `horarios`
--

INSERT INTO `horarios` (`id_horarios`, `id_componentes`, `id_importaciones`, `hor_fecha`, `hor_hora`, `hor_minutos`, `hor_segundos`) VALUES
(1, 1, 0, '2019-02-20', 7, 0, 27),
(2, 1, 0, '2019-02-21', 6, 59, 58),
(3, 1, 0, '2019-02-22', 6, 59, 32),
(4, 1, 0, '2019-02-23', 6, 59, 7),
(5, 1, 0, '2019-02-24', 6, 58, 42),
(6, 1, 0, '2019-02-25', 6, 58, 16),
(7, 1, 0, '2019-02-26', 6, 57, 47),
(8, 1, 0, '2019-02-27', 6, 57, 22),
(9, 1, 0, '2019-02-28', 6, 57, 3),
(10, 1, 0, '2019-03-01', 6, 56, 40),
(11, 1, 0, '2019-03-02', 6, 56, 12),
(12, 1, 0, '2019-03-03', 6, 55, 39),
(13, 1, 0, '2019-03-04', 6, 55, 12),
(14, 1, 0, '2019-03-05', 6, 54, 45),
(15, 1, 0, '2019-03-06', 6, 54, 12),
(16, 1, 0, '2019-03-07', 6, 53, 46),
(17, 1, 0, '2019-03-08', 6, 53, 14),
(18, 1, 0, '2019-03-09', 6, 52, 48),
(19, 1, 0, '2019-03-10', 6, 52, 17),
(20, 1, 0, '2019-03-11', 6, 51, 52),
(21, 1, 0, '2019-03-12', 6, 51, 26),
(22, 1, 0, '2019-03-13', 6, 51, 0),
(23, 1, 0, '2019-03-14', 6, 50, 34),
(24, 1, 0, '2019-03-15', 6, 50, 10),
(25, 1, 0, '2019-03-16', 6, 49, 50),
(26, 1, 0, '2019-03-17', 6, 49, 30),
(27, 1, 0, '2019-03-18', 6, 49, 6),
(28, 1, 0, '2019-03-19', 6, 48, 37),
(29, 1, 0, '2019-03-20', 6, 48, 7),
(30, 1, 0, '2019-03-21', 6, 47, 48),
(31, 1, 0, '2019-03-22', 6, 47, 17),
(32, 1, 0, '2019-03-23', 6, 46, 52),
(33, 1, 0, '2019-03-24', 6, 46, 21),
(34, 1, 0, '2019-03-25', 6, 45, 53),
(35, 1, 0, '2019-03-26', 6, 45, 29),
(36, 1, 0, '2019-03-27', 6, 44, 50),
(37, 1, 0, '2019-03-28', 6, 44, 22),
(38, 1, 0, '2019-03-29', 6, 43, 48),
(39, 1, 0, '2019-03-30', 6, 43, 16),
(40, 1, 0, '2019-03-31', 6, 42, 46),
(41, 1, 0, '2019-04-01', 6, 42, 22),
(42, 1, 0, '2019-04-02', 6, 41, 51),
(43, 1, 0, '2019-04-03', 6, 41, 21),
(44, 1, 0, '2019-04-04', 6, 40, 52),
(45, 1, 0, '2019-04-05', 6, 40, 29),
(46, 1, 0, '2019-04-06', 6, 40, 6),
(47, 1, 0, '2019-04-07', 6, 39, 47),
(48, 1, 0, '2019-04-08', 6, 39, 24),
(49, 1, 0, '2019-04-09', 6, 38, 55),
(50, 1, 0, '2019-04-10', 6, 38, 32),
(51, 1, 0, '2019-04-11', 6, 38, 19),
(52, 1, 0, '2019-04-12', 6, 38, 0),
(53, 1, 0, '2019-04-13', 6, 37, 47),
(54, 1, 0, '2019-04-14', 6, 37, 23),
(55, 1, 0, '2019-04-15', 6, 37, 8),
(56, 1, 0, '2019-04-16', 6, 36, 41),
(57, 1, 0, '2019-04-17', 6, 36, 22),
(58, 1, 0, '2019-04-18', 6, 35, 59),
(59, 1, 0, '2019-04-19', 6, 35, 41),
(60, 1, 0, '2019-04-20', 6, 35, 27),
(61, 1, 0, '2019-04-21', 6, 35, 3),
(62, 1, 0, '2019-04-22', 6, 34, 49),
(63, 1, 0, '2019-04-23', 6, 34, 30),
(64, 1, 0, '2019-04-24', 6, 34, 16),
(65, 1, 0, '2019-04-25', 6, 33, 56),
(66, 1, 0, '2019-04-26', 6, 33, 39),
(67, 1, 0, '2019-04-27', 6, 33, 28),
(68, 1, 0, '2019-04-28', 6, 33, 19),
(69, 1, 0, '2019-04-29', 6, 33, 9),
(70, 1, 0, '2019-04-30', 6, 32, 59),
(71, 1, 0, '2019-05-01', 6, 32, 58),
(72, 1, 0, '2019-05-02', 6, 32, 49),
(73, 1, 0, '2019-05-03', 6, 32, 40),
(74, 1, 0, '2019-05-04', 6, 32, 29),
(75, 1, 0, '2019-05-05', 6, 32, 19),
(76, 1, 0, '2019-05-06', 6, 32, 12),
(77, 1, 0, '2019-05-07', 6, 32, 4),
(78, 1, 0, '2019-05-08', 6, 31, 59),
(79, 1, 0, '2019-05-09', 6, 32, 1),
(80, 1, 0, '2019-05-10', 6, 32, 1),
(81, 1, 0, '2019-05-11', 6, 32, 1),
(82, 1, 0, '2019-05-12', 6, 32, 2),
(83, 1, 0, '2019-05-13', 6, 32, 8),
(84, 1, 0, '2019-05-14', 6, 32, 9),
(85, 1, 0, '2019-05-15', 6, 32, 10),
(86, 1, 0, '2019-05-16', 6, 32, 12),
(87, 1, 0, '2019-05-17', 6, 32, 16),
(88, 1, 0, '2019-05-18', 6, 32, 19),
(89, 1, 0, '2019-05-19', 6, 32, 29),
(90, 1, 0, '2019-05-20', 6, 32, 42),
(91, 1, 0, '2019-05-21', 6, 32, 58),
(92, 1, 0, '2019-05-22', 6, 33, 15),
(93, 1, 0, '2019-05-23', 6, 33, 31),
(94, 1, 0, '2019-05-24', 6, 33, 48),
(95, 1, 0, '2019-05-25', 6, 34, 3),
(96, 1, 0, '2019-05-26', 6, 34, 21),
(97, 1, 0, '2019-05-27', 6, 34, 38),
(98, 1, 0, '2019-05-28', 6, 35, 0),
(99, 1, 0, '2019-05-29', 6, 35, 21),
(100, 1, 0, '2019-05-30', 6, 35, 42),
(101, 1, 0, '2019-05-31', 6, 36, 4),
(102, 1, 0, '2019-06-01', 6, 36, 28),
(103, 1, 0, '2019-06-02', 6, 36, 51),
(104, 1, 0, '2019-06-03', 6, 37, 15),
(105, 1, 0, '2019-06-04', 6, 37, 41),
(106, 1, 0, '2019-06-05', 6, 38, 8),
(107, 1, 0, '2019-06-06', 6, 38, 37),
(108, 1, 0, '2019-06-07', 6, 39, 7),
(109, 1, 0, '2019-06-08', 6, 39, 40),
(110, 1, 0, '2019-06-09', 6, 40, 13),
(111, 1, 0, '2019-06-10', 6, 40, 48),
(112, 1, 0, '2019-06-11', 6, 41, 25),
(113, 1, 0, '2019-06-12', 6, 42, 2),
(114, 1, 0, '2019-06-13', 6, 42, 40),
(115, 1, 0, '2019-06-14', 6, 43, 20),
(116, 1, 0, '2019-06-15', 6, 43, 59),
(117, 1, 0, '2019-06-16', 6, 44, 40),
(118, 1, 0, '2019-06-17', 6, 45, 22),
(119, 1, 0, '2019-06-18', 6, 46, 3),
(120, 1, 0, '2019-06-19', 6, 46, 50),
(121, 1, 0, '2019-06-20', 6, 47, 35),
(122, 1, 0, '2019-06-21', 6, 48, 18),
(123, 1, 0, '2019-06-22', 6, 49, 4),
(124, 1, 0, '2019-06-23', 6, 49, 50),
(125, 1, 0, '2019-06-24', 6, 50, 37),
(126, 1, 0, '2019-06-25', 6, 51, 24),
(127, 1, 0, '2019-06-26', 6, 52, 14),
(128, 1, 0, '2019-06-27', 6, 53, 5),
(129, 1, 0, '2019-06-28', 6, 53, 56),
(130, 1, 0, '2019-06-29', 6, 54, 47),
(131, 1, 0, '2019-06-30', 6, 55, 38),
(132, 1, 0, '2019-07-01', 6, 56, 30),
(133, 1, 0, '2019-07-02', 6, 57, 21),
(134, 1, 0, '2019-07-03', 6, 58, 12),
(135, 1, 0, '2019-07-04', 6, 59, 4),
(136, 1, 0, '2019-07-05', 6, 59, 55),
(137, 1, 0, '2019-07-06', 7, 0, 46),
(138, 1, 0, '2019-07-07', 7, 1, 38),
(139, 1, 0, '2019-07-08', 7, 2, 37),
(140, 1, 0, '2019-07-09', 7, 3, 31),
(141, 1, 0, '2019-07-10', 7, 4, 28),
(142, 1, 0, '2019-07-11', 7, 5, 22),
(143, 1, 0, '2019-07-12', 7, 6, 16),
(144, 1, 0, '2019-07-13', 7, 7, 9),
(145, 1, 0, '2019-07-14', 7, 8, 5),
(146, 1, 0, '2019-07-15', 7, 9, 2),
(147, 1, 0, '2019-07-16', 7, 9, 55),
(148, 1, 0, '2019-07-17', 7, 10, 51),
(149, 1, 0, '2019-07-18', 7, 11, 50),
(150, 1, 0, '2019-07-19', 7, 12, 42),
(151, 1, 0, '2019-07-20', 7, 13, 43),
(152, 1, 0, '2019-07-21', 7, 14, 39),
(153, 1, 0, '2019-07-22', 7, 15, 35),
(154, 1, 0, '2019-07-23', 7, 16, 26),
(155, 1, 0, '2019-07-24', 7, 17, 21),
(156, 1, 0, '2019-07-25', 7, 18, 19),
(157, 1, 0, '2019-07-26', 7, 19, 15),
(158, 1, 0, '2019-07-27', 7, 20, 17),
(159, 1, 0, '2019-07-28', 7, 21, 13),
(160, 1, 0, '2019-07-29', 7, 22, 9),
(161, 1, 0, '2019-07-30', 7, 23, 6),
(162, 1, 0, '2019-07-31', 7, 23, 57),
(163, 1, 0, '2019-08-01', 7, 24, 59),
(164, 1, 0, '2019-08-02', 7, 25, 56),
(165, 1, 0, '2019-08-03', 7, 26, 52),
(166, 1, 0, '2019-08-04', 7, 27, 47),
(167, 1, 0, '2019-08-05', 7, 28, 45),
(168, 1, 0, '2019-08-06', 7, 29, 37),
(169, 1, 0, '2019-08-07', 7, 30, 29),
(170, 1, 0, '2019-08-08', 7, 31, 22),
(171, 1, 0, '2019-08-09', 7, 32, 14),
(172, 1, 0, '2019-08-10', 7, 33, 4),
(173, 1, 0, '2019-08-11', 7, 34, 2),
(174, 1, 0, '2019-08-12', 7, 34, 59),
(175, 1, 0, '2019-08-13', 7, 35, 51),
(176, 1, 0, '2019-08-14', 7, 36, 47),
(177, 1, 0, '2019-08-15', 7, 37, 38),
(178, 1, 0, '2019-08-16', 7, 38, 34),
(179, 1, 0, '2019-08-17', 7, 39, 26),
(180, 1, 0, '2019-08-18', 7, 40, 27),
(181, 1, 0, '2019-08-19', 7, 41, 19),
(182, 1, 0, '2019-08-20', 7, 42, 10),
(183, 1, 0, '2019-08-21', 7, 43, 1),
(184, 1, 0, '2019-08-22', 7, 43, 53),
(185, 1, 0, '2019-08-23', 7, 44, 44),
(186, 1, 0, '2019-08-24', 7, 45, 36),
(187, 1, 0, '2019-08-25', 7, 46, 23),
(188, 1, 0, '2019-08-26', 7, 47, 14),
(189, 1, 0, '2019-08-27', 7, 48, 11),
(190, 1, 0, '2019-08-28', 7, 49, 3),
(191, 1, 0, '2019-08-29', 7, 49, 54),
(192, 1, 0, '2019-08-30', 7, 50, 46),
(193, 3, 0, '2019-02-20', 7, 0, 27),
(194, 3, 0, '2019-02-21', 6, 59, 58),
(195, 3, 0, '2019-02-22', 6, 59, 32),
(196, 3, 0, '2019-02-23', 6, 59, 7),
(197, 3, 0, '2019-02-24', 6, 58, 42),
(198, 3, 0, '2019-02-25', 6, 58, 16),
(199, 3, 0, '2019-02-26', 6, 57, 47),
(200, 3, 0, '2019-02-27', 6, 57, 22),
(201, 3, 0, '2019-02-28', 6, 57, 3),
(202, 3, 0, '2019-03-01', 6, 56, 40),
(203, 3, 0, '2019-03-02', 6, 56, 12),
(204, 3, 0, '2019-03-03', 6, 55, 39),
(205, 3, 0, '2019-03-04', 6, 55, 12),
(206, 3, 0, '2019-03-05', 6, 54, 45),
(207, 3, 0, '2019-03-06', 6, 54, 12),
(208, 3, 0, '2019-03-07', 6, 53, 46),
(209, 3, 0, '2019-03-08', 6, 53, 14),
(210, 3, 0, '2019-03-09', 6, 52, 48),
(211, 3, 0, '2019-03-10', 6, 52, 17),
(212, 3, 0, '2019-03-11', 6, 51, 52),
(213, 3, 0, '2019-03-12', 6, 51, 26),
(214, 3, 0, '2019-03-13', 6, 51, 0),
(215, 3, 0, '2019-03-14', 6, 50, 34),
(216, 3, 0, '2019-03-15', 6, 50, 10),
(217, 3, 0, '2019-03-16', 6, 49, 50),
(218, 3, 0, '2019-03-17', 6, 49, 30),
(219, 3, 0, '2019-03-18', 6, 49, 6),
(220, 3, 0, '2019-03-19', 6, 48, 37),
(221, 3, 0, '2019-03-20', 6, 48, 7),
(222, 3, 0, '2019-03-21', 6, 47, 48),
(223, 3, 0, '2019-03-22', 6, 47, 17),
(224, 3, 0, '2019-03-23', 6, 46, 52),
(225, 3, 0, '2019-03-24', 6, 46, 21),
(226, 3, 0, '2019-03-25', 6, 45, 53),
(227, 3, 0, '2019-03-26', 6, 45, 29),
(228, 3, 0, '2019-03-27', 6, 44, 50),
(229, 3, 0, '2019-03-28', 6, 44, 22),
(230, 3, 0, '2019-03-29', 6, 43, 48),
(231, 3, 0, '2019-03-30', 6, 43, 16),
(232, 3, 0, '2019-03-31', 6, 42, 46),
(233, 3, 0, '2019-04-01', 6, 42, 22),
(234, 3, 0, '2019-04-02', 6, 41, 51),
(235, 3, 0, '2019-04-03', 6, 41, 21),
(236, 3, 0, '2019-04-04', 6, 40, 52),
(237, 3, 0, '2019-04-05', 6, 40, 29),
(238, 3, 0, '2019-04-06', 6, 40, 6),
(239, 3, 0, '2019-04-07', 6, 39, 47),
(240, 3, 0, '2019-04-08', 6, 39, 24),
(241, 3, 0, '2019-04-09', 6, 38, 55),
(242, 3, 0, '2019-04-10', 6, 38, 32),
(243, 3, 0, '2019-04-11', 6, 38, 19),
(244, 3, 0, '2019-04-12', 6, 38, 0),
(245, 3, 0, '2019-04-13', 6, 37, 47),
(246, 3, 0, '2019-04-14', 6, 37, 23),
(247, 3, 0, '2019-04-15', 6, 37, 8),
(248, 3, 0, '2019-04-16', 6, 36, 41),
(249, 3, 0, '2019-04-17', 6, 36, 22),
(250, 3, 0, '2019-04-18', 6, 35, 59),
(251, 3, 0, '2019-04-19', 6, 35, 41),
(252, 3, 0, '2019-04-20', 6, 35, 27),
(253, 3, 0, '2019-04-21', 6, 35, 3),
(254, 3, 0, '2019-04-22', 6, 34, 49),
(255, 3, 0, '2019-04-23', 6, 34, 30),
(256, 3, 0, '2019-04-24', 6, 34, 16),
(257, 3, 0, '2019-04-25', 6, 33, 56),
(258, 3, 0, '2019-04-26', 6, 33, 39),
(259, 3, 0, '2019-04-27', 6, 33, 28),
(260, 3, 0, '2019-04-28', 6, 33, 19),
(261, 3, 0, '2019-04-29', 6, 33, 9),
(262, 3, 0, '2019-04-30', 6, 32, 59),
(263, 3, 0, '2019-05-01', 6, 32, 58),
(264, 3, 0, '2019-05-02', 6, 32, 49),
(265, 3, 0, '2019-05-03', 6, 32, 40),
(266, 3, 0, '2019-05-04', 6, 32, 29),
(267, 3, 0, '2019-05-05', 6, 32, 19),
(268, 3, 0, '2019-05-06', 6, 32, 12),
(269, 3, 0, '2019-05-07', 6, 32, 4),
(270, 3, 0, '2019-05-08', 6, 31, 59),
(271, 3, 0, '2019-05-09', 6, 32, 1),
(272, 3, 0, '2019-05-10', 6, 32, 1),
(273, 3, 0, '2019-05-11', 6, 32, 1),
(274, 3, 0, '2019-05-12', 6, 32, 2),
(275, 3, 0, '2019-05-13', 6, 32, 8),
(276, 3, 0, '2019-05-14', 6, 32, 9),
(277, 3, 0, '2019-05-15', 6, 32, 10),
(278, 3, 0, '2019-05-16', 6, 32, 12),
(279, 3, 0, '2019-05-17', 6, 32, 16),
(280, 3, 0, '2019-05-18', 6, 32, 19),
(281, 3, 0, '2019-05-19', 6, 32, 29),
(282, 3, 0, '2019-05-20', 6, 32, 42),
(283, 3, 0, '2019-05-21', 6, 32, 58),
(284, 3, 0, '2019-05-22', 6, 33, 15),
(285, 3, 0, '2019-05-23', 6, 33, 31),
(286, 3, 0, '2019-05-24', 6, 33, 48),
(287, 3, 0, '2019-05-25', 6, 34, 3),
(288, 3, 0, '2019-05-26', 6, 34, 21),
(289, 3, 0, '2019-05-27', 6, 34, 38),
(290, 3, 0, '2019-05-28', 6, 35, 0),
(291, 3, 0, '2019-05-29', 6, 35, 21),
(292, 3, 0, '2019-05-30', 6, 35, 42),
(293, 3, 0, '2019-05-31', 6, 36, 4),
(294, 3, 0, '2019-06-01', 6, 36, 28),
(295, 3, 0, '2019-06-02', 6, 36, 51),
(296, 3, 0, '2019-06-03', 6, 37, 15),
(297, 3, 0, '2019-06-04', 6, 37, 41),
(298, 3, 0, '2019-06-05', 6, 38, 8),
(299, 3, 0, '2019-06-06', 6, 38, 37),
(300, 3, 0, '2019-06-07', 6, 39, 7),
(301, 3, 0, '2019-06-08', 6, 39, 40),
(302, 3, 0, '2019-06-09', 6, 40, 13),
(303, 3, 0, '2019-06-10', 6, 40, 48),
(304, 3, 0, '2019-06-11', 6, 41, 25),
(305, 3, 0, '2019-06-12', 6, 42, 2),
(306, 3, 0, '2019-06-13', 6, 42, 40),
(307, 3, 0, '2019-06-14', 6, 43, 20),
(308, 3, 0, '2019-06-15', 6, 43, 59),
(309, 3, 0, '2019-06-16', 6, 44, 40),
(310, 3, 0, '2019-06-17', 6, 45, 22),
(311, 3, 0, '2019-06-18', 6, 46, 3),
(312, 3, 0, '2019-06-19', 6, 46, 50),
(313, 3, 0, '2019-06-20', 6, 47, 35),
(314, 3, 0, '2019-06-21', 6, 48, 18),
(315, 3, 0, '2019-06-22', 6, 49, 4),
(316, 3, 0, '2019-06-23', 6, 49, 50),
(317, 3, 0, '2019-06-24', 6, 50, 37),
(318, 3, 0, '2019-06-25', 6, 51, 24),
(319, 3, 0, '2019-06-26', 6, 52, 14),
(320, 3, 0, '2019-06-27', 6, 53, 5),
(321, 3, 0, '2019-06-28', 6, 53, 56),
(322, 3, 0, '2019-06-29', 6, 54, 47),
(323, 3, 0, '2019-06-30', 6, 55, 38),
(324, 3, 0, '2019-07-01', 6, 56, 30),
(325, 3, 0, '2019-07-02', 6, 57, 21),
(326, 3, 0, '2019-07-03', 6, 58, 12),
(327, 3, 0, '2019-07-04', 6, 59, 4),
(328, 3, 0, '2019-07-05', 6, 59, 55),
(329, 3, 0, '2019-07-06', 7, 0, 46),
(330, 3, 0, '2019-07-07', 7, 1, 38),
(331, 3, 0, '2019-07-08', 7, 2, 37),
(332, 3, 0, '2019-07-09', 7, 3, 31),
(333, 3, 0, '2019-07-10', 7, 4, 28),
(334, 3, 0, '2019-07-11', 7, 5, 22),
(335, 3, 0, '2019-07-12', 7, 6, 16),
(336, 3, 0, '2019-07-13', 7, 7, 9),
(337, 3, 0, '2019-07-14', 7, 8, 5),
(338, 3, 0, '2019-07-15', 7, 9, 2),
(339, 3, 0, '2019-07-16', 7, 9, 55),
(340, 3, 0, '2019-07-17', 7, 10, 51),
(341, 3, 0, '2019-07-18', 7, 11, 50),
(342, 3, 0, '2019-07-19', 7, 12, 42),
(343, 3, 0, '2019-07-20', 7, 13, 43),
(344, 3, 0, '2019-07-21', 7, 14, 39),
(345, 3, 0, '2019-07-22', 7, 15, 35),
(346, 3, 0, '2019-07-23', 7, 16, 26),
(347, 3, 0, '2019-07-24', 7, 17, 21),
(348, 3, 0, '2019-07-25', 7, 18, 19),
(349, 3, 0, '2019-07-26', 7, 19, 15),
(350, 3, 0, '2019-07-27', 7, 20, 17),
(351, 3, 0, '2019-07-28', 7, 21, 13),
(352, 3, 0, '2019-07-29', 7, 22, 9),
(353, 3, 0, '2019-07-30', 7, 23, 6),
(354, 3, 0, '2019-07-31', 7, 23, 57),
(355, 3, 0, '2019-08-01', 7, 24, 59),
(356, 3, 0, '2019-08-02', 7, 25, 56),
(357, 3, 0, '2019-08-03', 7, 26, 52),
(358, 3, 0, '2019-08-04', 7, 27, 47),
(359, 3, 0, '2019-08-05', 7, 28, 45),
(360, 3, 0, '2019-08-06', 7, 29, 37),
(361, 3, 0, '2019-08-07', 7, 30, 29),
(362, 3, 0, '2019-08-08', 7, 31, 22),
(363, 3, 0, '2019-08-09', 7, 32, 14),
(364, 3, 0, '2019-08-10', 7, 33, 4),
(365, 3, 0, '2019-08-11', 7, 34, 2),
(366, 3, 0, '2019-08-12', 7, 34, 59),
(367, 3, 0, '2019-08-13', 7, 35, 51),
(368, 3, 0, '2019-08-14', 7, 36, 47),
(369, 3, 0, '2019-08-15', 7, 37, 38),
(370, 3, 0, '2019-08-16', 7, 38, 34),
(371, 3, 0, '2019-08-17', 7, 39, 26),
(372, 3, 0, '2019-08-18', 7, 40, 27),
(373, 3, 0, '2019-08-19', 7, 41, 19),
(374, 3, 0, '2019-08-20', 7, 42, 10),
(375, 3, 0, '2019-08-21', 7, 43, 1),
(376, 3, 0, '2019-08-22', 7, 43, 53),
(377, 3, 0, '2019-08-23', 7, 44, 44),
(378, 3, 0, '2019-08-24', 7, 45, 36),
(379, 3, 0, '2019-08-25', 7, 46, 23),
(380, 3, 0, '2019-08-26', 7, 47, 14),
(381, 3, 0, '2019-08-27', 7, 48, 11),
(382, 3, 0, '2019-08-28', 7, 49, 3),
(383, 3, 0, '2019-08-29', 7, 49, 54),
(384, 3, 0, '2019-08-30', 7, 50, 46),
(385, 2, 0, '2019-02-20', 6, 59, 20),
(386, 2, 0, '2019-02-21', 6, 59, 4),
(387, 2, 0, '2019-02-22', 6, 58, 52),
(388, 2, 0, '2019-02-23', 6, 58, 40),
(389, 2, 0, '2019-02-24', 6, 58, 28),
(390, 2, 0, '2019-02-25', 6, 58, 16),
(391, 2, 0, '2019-02-26', 6, 58, 2),
(392, 2, 0, '2019-02-27', 6, 57, 50),
(393, 2, 0, '2019-02-28', 6, 57, 45),
(394, 2, 0, '2019-03-01', 6, 57, 35),
(395, 2, 0, '2019-03-02', 6, 57, 20),
(396, 2, 0, '2019-03-03', 6, 57, 0),
(397, 2, 0, '2019-03-04', 6, 56, 45),
(398, 2, 0, '2019-03-05', 6, 56, 30),
(399, 2, 0, '2019-03-06', 6, 56, 10),
(400, 2, 0, '2019-03-07', 6, 55, 55),
(401, 2, 0, '2019-03-08', 6, 55, 35),
(402, 2, 0, '2019-03-09', 6, 55, 20),
(403, 2, 0, '2019-03-10', 6, 55, 0),
(404, 2, 0, '2019-03-11', 6, 54, 45),
(405, 2, 0, '2019-03-12', 6, 54, 30),
(406, 2, 0, '2019-03-13', 6, 54, 15),
(407, 2, 0, '2019-03-14', 6, 53, 58),
(408, 2, 0, '2019-03-15', 6, 53, 45),
(409, 2, 0, '2019-03-16', 6, 53, 35),
(410, 2, 0, '2019-03-17', 6, 53, 25),
(411, 2, 0, '2019-03-18', 6, 53, 9),
(412, 2, 0, '2019-03-19', 6, 52, 50),
(413, 2, 0, '2019-03-20', 6, 52, 30),
(414, 2, 0, '2019-03-21', 6, 52, 20),
(415, 2, 0, '2019-03-22', 6, 51, 58),
(416, 2, 0, '2019-03-23', 6, 51, 42),
(417, 2, 0, '2019-03-24', 6, 51, 20),
(418, 2, 0, '2019-03-25', 6, 51, 0),
(419, 2, 0, '2019-03-26', 6, 50, 45),
(420, 2, 0, '2019-03-27', 6, 50, 15),
(421, 2, 0, '2019-03-28', 6, 49, 55),
(422, 2, 0, '2019-03-29', 6, 49, 30),
(423, 2, 0, '2019-03-30', 6, 49, 7),
(424, 2, 0, '2019-03-31', 6, 48, 45),
(425, 2, 0, '2019-04-01', 6, 48, 30),
(426, 2, 0, '2019-04-02', 6, 48, 7),
(427, 2, 0, '2019-04-03', 6, 47, 45),
(428, 2, 0, '2019-04-04', 6, 47, 25),
(429, 2, 0, '2019-04-05', 6, 47, 10),
(430, 2, 0, '2019-04-06', 6, 46, 55),
(431, 2, 0, '2019-04-07', 6, 46, 45),
(432, 2, 0, '2019-04-08', 6, 46, 30),
(433, 2, 0, '2019-04-09', 6, 46, 10),
(434, 2, 0, '2019-04-10', 6, 45, 55),
(435, 2, 0, '2019-04-11', 6, 45, 50),
(436, 2, 0, '2019-04-12', 6, 45, 40),
(437, 2, 0, '2019-04-13', 6, 45, 35),
(438, 2, 0, '2019-04-14', 6, 45, 20),
(439, 2, 0, '2019-04-15', 6, 45, 13),
(440, 2, 0, '2019-04-16', 6, 44, 55),
(441, 2, 0, '2019-04-17', 6, 44, 45),
(442, 2, 0, '2019-04-18', 6, 44, 30),
(443, 2, 0, '2019-04-19', 6, 44, 21),
(444, 2, 0, '2019-04-20', 6, 44, 15),
(445, 2, 0, '2019-04-21', 6, 44, 0),
(446, 2, 0, '2019-04-22', 6, 43, 55),
(447, 2, 0, '2019-04-23', 6, 43, 45),
(448, 2, 0, '2019-04-24', 6, 43, 40),
(449, 2, 0, '2019-04-25', 6, 43, 30),
(450, 2, 0, '2019-04-26', 6, 43, 22),
(451, 2, 0, '2019-04-27', 6, 43, 20),
(452, 2, 0, '2019-04-28', 6, 43, 20),
(453, 2, 0, '2019-04-29', 6, 43, 20),
(454, 2, 0, '2019-04-30', 6, 43, 20),
(455, 2, 0, '2019-05-01', 6, 43, 19),
(456, 2, 0, '2019-05-02', 6, 43, 19),
(457, 2, 0, '2019-05-03', 6, 43, 20),
(458, 2, 0, '2019-05-04', 6, 43, 20),
(459, 2, 0, '2019-05-05', 6, 43, 20),
(460, 2, 0, '2019-05-06', 6, 43, 23),
(461, 2, 0, '2019-05-07', 6, 43, 25),
(462, 2, 0, '2019-05-08', 6, 43, 30),
(463, 2, 0, '2019-05-09', 6, 43, 40),
(464, 2, 0, '2019-05-10', 6, 43, 50),
(465, 2, 0, '2019-05-11', 6, 44, 0),
(466, 2, 0, '2019-05-12', 6, 44, 10),
(467, 2, 0, '2019-05-13', 6, 44, 25),
(468, 2, 0, '2019-05-14', 6, 44, 35),
(469, 2, 0, '2019-05-15', 6, 44, 45),
(470, 2, 0, '2019-05-16', 6, 44, 55),
(471, 2, 0, '2019-05-17', 6, 45, 8),
(472, 2, 0, '2019-05-18', 6, 45, 20),
(473, 2, 0, '2019-05-19', 6, 45, 38),
(474, 2, 0, '2019-05-20', 6, 46, 0),
(475, 2, 0, '2019-05-21', 6, 46, 25),
(476, 2, 0, '2019-05-22', 6, 46, 50),
(477, 2, 0, '2019-05-23', 6, 47, 15),
(478, 2, 0, '2019-05-24', 6, 47, 40),
(479, 2, 0, '2019-05-25', 6, 48, 3),
(480, 2, 0, '2019-05-26', 6, 48, 30),
(481, 2, 0, '2019-05-27', 6, 48, 55),
(482, 2, 0, '2019-05-28', 6, 49, 25),
(483, 2, 0, '2019-05-29', 6, 49, 55),
(484, 2, 0, '2019-05-30', 6, 50, 26),
(485, 2, 0, '2019-05-31', 6, 50, 58),
(486, 2, 0, '2019-06-01', 6, 51, 30),
(487, 2, 0, '2019-06-02', 6, 52, 3),
(488, 2, 0, '2019-06-03', 6, 52, 37),
(489, 2, 0, '2019-06-04', 6, 53, 12),
(490, 2, 0, '2019-06-05', 6, 53, 48),
(491, 2, 0, '2019-06-06', 6, 54, 26),
(492, 2, 0, '2019-06-07', 6, 55, 5),
(493, 2, 0, '2019-06-08', 6, 55, 46),
(494, 2, 0, '2019-06-09', 6, 56, 28),
(495, 2, 0, '2019-06-10', 6, 57, 12),
(496, 2, 0, '2019-06-11', 6, 57, 57),
(497, 2, 0, '2019-06-12', 6, 58, 43),
(498, 2, 0, '2019-06-13', 6, 59, 30),
(499, 2, 0, '2019-06-14', 7, 0, 18),
(500, 2, 0, '2019-06-15', 7, 1, 6),
(501, 2, 0, '2019-06-16', 7, 1, 55),
(502, 2, 0, '2019-06-17', 7, 2, 45),
(503, 2, 0, '2019-06-18', 7, 3, 35),
(504, 2, 0, '2019-06-19', 7, 4, 30),
(505, 2, 0, '2019-06-20', 7, 5, 23),
(506, 2, 0, '2019-06-21', 7, 6, 15),
(507, 2, 0, '2019-06-22', 7, 7, 11),
(508, 2, 0, '2019-06-23', 7, 8, 7),
(509, 2, 0, '2019-06-24', 7, 9, 2),
(510, 2, 0, '2019-06-25', 7, 9, 59),
(511, 2, 0, '2019-06-26', 7, 10, 59),
(512, 2, 0, '2019-06-27', 7, 11, 59),
(513, 2, 0, '2019-06-28', 7, 12, 59),
(514, 2, 0, '2019-06-29', 7, 13, 59),
(515, 2, 0, '2019-06-30', 7, 14, 59),
(516, 2, 0, '2019-07-01', 7, 15, 59),
(517, 2, 0, '2019-07-02', 7, 16, 59),
(518, 2, 0, '2019-07-03', 7, 17, 59),
(519, 2, 0, '2019-07-04', 7, 18, 59),
(520, 2, 0, '2019-07-05', 7, 19, 59),
(521, 2, 0, '2019-07-06', 7, 20, 59),
(522, 2, 0, '2019-07-07', 7, 21, 59),
(523, 2, 0, '2019-07-08', 7, 23, 7),
(524, 2, 0, '2019-07-09', 7, 24, 9),
(525, 2, 0, '2019-07-10', 7, 25, 14),
(526, 2, 0, '2019-07-11', 7, 26, 17),
(527, 2, 0, '2019-07-12', 7, 27, 19),
(528, 2, 0, '2019-07-13', 7, 28, 20),
(529, 2, 0, '2019-07-14', 7, 29, 25),
(530, 2, 0, '2019-07-15', 7, 30, 32),
(531, 2, 0, '2019-07-16', 7, 31, 35),
(532, 2, 0, '2019-07-17', 7, 32, 39),
(533, 2, 0, '2019-07-18', 7, 33, 48),
(534, 2, 0, '2019-07-19', 7, 34, 50),
(535, 2, 0, '2019-07-20', 7, 36, 0),
(536, 2, 0, '2019-07-21', 7, 37, 5),
(537, 2, 0, '2019-07-22', 7, 38, 10),
(538, 2, 0, '2019-07-23', 7, 39, 10),
(539, 2, 0, '2019-07-24', 7, 40, 13),
(540, 2, 0, '2019-07-25', 7, 41, 20),
(541, 2, 0, '2019-07-26', 7, 42, 25),
(542, 2, 0, '2019-07-27', 7, 43, 35),
(543, 2, 0, '2019-07-28', 7, 44, 40),
(544, 2, 0, '2019-07-29', 7, 45, 45),
(545, 2, 0, '2019-07-30', 7, 46, 50),
(546, 2, 0, '2019-07-31', 7, 47, 50),
(547, 2, 0, '2019-08-01', 7, 49, 0),
(548, 2, 0, '2019-08-02', 7, 50, 5),
(549, 2, 0, '2019-08-03', 7, 51, 10),
(550, 2, 0, '2019-08-04', 7, 52, 13),
(551, 2, 0, '2019-08-05', 7, 53, 19),
(552, 2, 0, '2019-08-06', 7, 54, 20),
(553, 2, 0, '2019-08-07', 7, 55, 22),
(554, 2, 0, '2019-08-08', 7, 56, 25),
(555, 2, 0, '2019-08-09', 7, 57, 25),
(556, 2, 0, '2019-08-10', 7, 58, 25),
(557, 2, 0, '2019-08-11', 7, 59, 33),
(558, 2, 0, '2019-08-12', 8, 0, 39),
(559, 2, 0, '2019-08-13', 8, 1, 40),
(560, 2, 0, '2019-08-14', 8, 2, 45),
(561, 2, 0, '2019-08-15', 8, 3, 45),
(562, 2, 0, '2019-08-16', 8, 4, 49),
(563, 2, 0, '2019-08-17', 8, 5, 50),
(564, 2, 0, '2019-08-18', 8, 7, 0),
(565, 2, 0, '2019-08-19', 8, 8, 0),
(566, 2, 0, '2019-08-20', 8, 9, 0),
(567, 2, 0, '2019-08-21', 8, 10, 0),
(568, 2, 0, '2019-08-22', 8, 11, 0),
(569, 2, 0, '2019-08-23', 8, 12, 0),
(570, 2, 0, '2019-08-24', 8, 13, 0),
(571, 2, 0, '2019-08-25', 8, 13, 55),
(572, 2, 0, '2019-08-26', 8, 14, 55),
(573, 2, 0, '2019-08-27', 8, 16, 0),
(574, 2, 0, '2019-08-28', 8, 17, 0),
(575, 2, 0, '2019-08-29', 8, 18, 0),
(576, 2, 0, '2019-08-30', 8, 19, 0),
(577, 4, 0, '2019-02-20', 6, 59, 20),
(578, 4, 0, '2019-02-21', 6, 59, 4),
(579, 4, 0, '2019-02-22', 6, 58, 52),
(580, 4, 0, '2019-02-23', 6, 58, 40),
(581, 4, 0, '2019-02-24', 6, 58, 28),
(582, 4, 0, '2019-02-25', 6, 58, 16),
(583, 4, 0, '2019-02-26', 6, 58, 2),
(584, 4, 0, '2019-02-27', 6, 57, 50),
(585, 4, 0, '2019-02-28', 6, 57, 45),
(586, 4, 0, '2019-03-01', 6, 57, 35),
(587, 4, 0, '2019-03-02', 6, 57, 20),
(588, 4, 0, '2019-03-03', 6, 57, 0),
(589, 4, 0, '2019-03-04', 6, 56, 45),
(590, 4, 0, '2019-03-05', 6, 56, 30),
(591, 4, 0, '2019-03-06', 6, 56, 10),
(592, 4, 0, '2019-03-07', 6, 55, 55),
(593, 4, 0, '2019-03-08', 6, 55, 35),
(594, 4, 0, '2019-03-09', 6, 55, 20),
(595, 4, 0, '2019-03-10', 6, 55, 0),
(596, 4, 0, '2019-03-11', 6, 54, 45),
(597, 4, 0, '2019-03-12', 6, 54, 30),
(598, 4, 0, '2019-03-13', 6, 54, 15),
(599, 4, 0, '2019-03-14', 6, 53, 58),
(600, 4, 0, '2019-03-15', 6, 53, 45),
(601, 4, 0, '2019-03-16', 6, 53, 35),
(602, 4, 0, '2019-03-17', 6, 53, 25),
(603, 4, 0, '2019-03-18', 6, 53, 9),
(604, 4, 0, '2019-03-19', 6, 52, 50),
(605, 4, 0, '2019-03-20', 6, 52, 30),
(606, 4, 0, '2019-03-21', 6, 52, 20),
(607, 4, 0, '2019-03-22', 6, 51, 58),
(608, 4, 0, '2019-03-23', 6, 51, 42),
(609, 4, 0, '2019-03-24', 6, 51, 20),
(610, 4, 0, '2019-03-25', 6, 51, 0),
(611, 4, 0, '2019-03-26', 6, 50, 45),
(612, 4, 0, '2019-03-27', 6, 50, 15),
(613, 4, 0, '2019-03-28', 6, 49, 55),
(614, 4, 0, '2019-03-29', 6, 49, 30),
(615, 4, 0, '2019-03-30', 6, 49, 7),
(616, 4, 0, '2019-03-31', 6, 48, 45),
(617, 4, 0, '2019-04-01', 6, 48, 30),
(618, 4, 0, '2019-04-02', 6, 48, 7),
(619, 4, 0, '2019-04-03', 6, 47, 45),
(620, 4, 0, '2019-04-04', 6, 47, 25),
(621, 4, 0, '2019-04-05', 6, 47, 10),
(622, 4, 0, '2019-04-06', 6, 46, 55),
(623, 4, 0, '2019-04-07', 6, 46, 45),
(624, 4, 0, '2019-04-08', 6, 46, 30),
(625, 4, 0, '2019-04-09', 6, 46, 10),
(626, 4, 0, '2019-04-10', 6, 45, 55),
(627, 4, 0, '2019-04-11', 6, 45, 50),
(628, 4, 0, '2019-04-12', 6, 45, 40),
(629, 4, 0, '2019-04-13', 6, 45, 35),
(630, 4, 0, '2019-04-14', 6, 45, 20),
(631, 4, 0, '2019-04-15', 6, 45, 13),
(632, 4, 0, '2019-04-16', 6, 44, 55),
(633, 4, 0, '2019-04-17', 6, 44, 45),
(634, 4, 0, '2019-04-18', 6, 44, 30),
(635, 4, 0, '2019-04-19', 6, 44, 21),
(636, 4, 0, '2019-04-20', 6, 44, 15),
(637, 4, 0, '2019-04-21', 6, 44, 0),
(638, 4, 0, '2019-04-22', 6, 43, 55),
(639, 4, 0, '2019-04-23', 6, 43, 45),
(640, 4, 0, '2019-04-24', 6, 43, 40),
(641, 4, 0, '2019-04-25', 6, 43, 30),
(642, 4, 0, '2019-04-26', 6, 43, 22),
(643, 4, 0, '2019-04-27', 6, 43, 20),
(644, 4, 0, '2019-04-28', 6, 43, 20),
(645, 4, 0, '2019-04-29', 6, 43, 20),
(646, 4, 0, '2019-04-30', 6, 43, 20),
(647, 4, 0, '2019-05-01', 6, 43, 19),
(648, 4, 0, '2019-05-02', 6, 43, 19),
(649, 4, 0, '2019-05-03', 6, 43, 20),
(650, 4, 0, '2019-05-04', 6, 43, 20),
(651, 4, 0, '2019-05-05', 6, 43, 20),
(652, 4, 0, '2019-05-06', 6, 43, 23),
(653, 4, 0, '2019-05-07', 6, 43, 25),
(654, 4, 0, '2019-05-08', 6, 43, 30),
(655, 4, 0, '2019-05-09', 6, 43, 40),
(656, 4, 0, '2019-05-10', 6, 43, 50),
(657, 4, 0, '2019-05-11', 6, 44, 0),
(658, 4, 0, '2019-05-12', 6, 44, 10),
(659, 4, 0, '2019-05-13', 6, 44, 25),
(660, 4, 0, '2019-05-14', 6, 44, 35),
(661, 4, 0, '2019-05-15', 6, 44, 45),
(662, 4, 0, '2019-05-16', 6, 44, 55),
(663, 4, 0, '2019-05-17', 6, 45, 8),
(664, 4, 0, '2019-05-18', 6, 45, 20),
(665, 4, 0, '2019-05-19', 6, 45, 38),
(666, 4, 0, '2019-05-20', 6, 46, 0),
(667, 4, 0, '2019-05-21', 6, 46, 25),
(668, 4, 0, '2019-05-22', 6, 46, 50),
(669, 4, 0, '2019-05-23', 6, 47, 15),
(670, 4, 0, '2019-05-24', 6, 47, 40),
(671, 4, 0, '2019-05-25', 6, 48, 3),
(672, 4, 0, '2019-05-26', 6, 48, 30),
(673, 4, 0, '2019-05-27', 6, 48, 55),
(674, 4, 0, '2019-05-28', 6, 49, 25),
(675, 4, 0, '2019-05-29', 6, 49, 55),
(676, 4, 0, '2019-05-30', 6, 50, 26),
(677, 4, 0, '2019-05-31', 6, 50, 58),
(678, 4, 0, '2019-06-01', 6, 51, 30),
(679, 4, 0, '2019-06-02', 6, 52, 3),
(680, 4, 0, '2019-06-03', 6, 52, 37),
(681, 4, 0, '2019-06-04', 6, 53, 12),
(682, 4, 0, '2019-06-05', 6, 53, 48),
(683, 4, 0, '2019-06-06', 6, 54, 26),
(684, 4, 0, '2019-06-07', 6, 55, 5),
(685, 4, 0, '2019-06-08', 6, 55, 46),
(686, 4, 0, '2019-06-09', 6, 56, 28),
(687, 4, 0, '2019-06-10', 6, 57, 12),
(688, 4, 0, '2019-06-11', 6, 57, 57),
(689, 4, 0, '2019-06-12', 6, 58, 43),
(690, 4, 0, '2019-06-13', 6, 59, 30),
(691, 4, 0, '2019-06-14', 7, 0, 18),
(692, 4, 0, '2019-06-15', 7, 1, 6),
(693, 4, 0, '2019-06-16', 7, 1, 55),
(694, 4, 0, '2019-06-17', 7, 2, 45),
(695, 4, 0, '2019-06-18', 7, 3, 35),
(696, 4, 0, '2019-06-19', 7, 4, 30),
(697, 4, 0, '2019-06-20', 7, 5, 23),
(698, 4, 0, '2019-06-21', 7, 6, 15),
(699, 4, 0, '2019-06-22', 7, 7, 11),
(700, 4, 0, '2019-06-23', 7, 8, 7),
(701, 4, 0, '2019-06-24', 7, 9, 2),
(702, 4, 0, '2019-06-25', 7, 9, 59),
(703, 4, 0, '2019-06-26', 7, 10, 59),
(704, 4, 0, '2019-06-27', 7, 11, 59),
(705, 4, 0, '2019-06-28', 7, 12, 59),
(706, 4, 0, '2019-06-29', 7, 13, 59),
(707, 4, 0, '2019-06-30', 7, 14, 59),
(708, 4, 0, '2019-07-01', 7, 15, 59),
(709, 4, 0, '2019-07-02', 7, 16, 59),
(710, 4, 0, '2019-07-03', 7, 17, 59),
(711, 4, 0, '2019-07-04', 7, 18, 59),
(712, 4, 0, '2019-07-05', 7, 19, 59),
(713, 4, 0, '2019-07-06', 7, 20, 59),
(714, 4, 0, '2019-07-07', 7, 21, 59),
(715, 4, 0, '2019-07-08', 7, 23, 7),
(716, 4, 0, '2019-07-09', 7, 24, 9),
(717, 4, 0, '2019-07-10', 7, 25, 14),
(718, 4, 0, '2019-07-11', 7, 26, 17),
(719, 4, 0, '2019-07-12', 7, 27, 19),
(720, 4, 0, '2019-07-13', 7, 28, 20),
(721, 4, 0, '2019-07-14', 7, 29, 25),
(722, 4, 0, '2019-07-15', 7, 30, 32),
(723, 4, 0, '2019-07-16', 7, 31, 35),
(724, 4, 0, '2019-07-17', 7, 32, 39),
(725, 4, 0, '2019-07-18', 7, 33, 48),
(726, 4, 0, '2019-07-19', 7, 34, 50),
(727, 4, 0, '2019-07-20', 7, 36, 0),
(728, 4, 0, '2019-07-21', 7, 37, 5),
(729, 4, 0, '2019-07-22', 7, 38, 10),
(730, 4, 0, '2019-07-23', 7, 39, 10),
(731, 4, 0, '2019-07-24', 7, 40, 13),
(732, 4, 0, '2019-07-25', 7, 41, 20),
(733, 4, 0, '2019-07-26', 7, 42, 25),
(734, 4, 0, '2019-07-27', 7, 43, 35),
(735, 4, 0, '2019-07-28', 7, 44, 40),
(736, 4, 0, '2019-07-29', 7, 45, 45),
(737, 4, 0, '2019-07-30', 7, 46, 50),
(738, 4, 0, '2019-07-31', 7, 47, 50),
(739, 4, 0, '2019-08-01', 7, 49, 0),
(740, 4, 0, '2019-08-02', 7, 50, 5),
(741, 4, 0, '2019-08-03', 7, 51, 10),
(742, 4, 0, '2019-08-04', 7, 52, 13),
(743, 4, 0, '2019-08-05', 7, 53, 19),
(744, 4, 0, '2019-08-06', 7, 54, 20),
(745, 4, 0, '2019-08-07', 7, 55, 22),
(746, 4, 0, '2019-08-08', 7, 56, 25),
(747, 4, 0, '2019-08-09', 7, 57, 25),
(748, 4, 0, '2019-08-10', 7, 58, 25),
(749, 4, 0, '2019-08-11', 7, 59, 33),
(750, 4, 0, '2019-08-12', 8, 0, 39),
(751, 4, 0, '2019-08-13', 8, 1, 40),
(752, 4, 0, '2019-08-14', 8, 2, 45),
(753, 4, 0, '2019-08-15', 8, 3, 45),
(754, 4, 0, '2019-08-16', 8, 4, 49),
(755, 4, 0, '2019-08-17', 8, 5, 50),
(756, 4, 0, '2019-08-18', 8, 7, 0),
(757, 4, 0, '2019-08-19', 8, 8, 0),
(758, 4, 0, '2019-08-20', 8, 9, 0),
(759, 4, 0, '2019-08-21', 8, 10, 0),
(760, 4, 0, '2019-08-22', 8, 11, 0),
(761, 4, 0, '2019-08-23', 8, 12, 0),
(762, 4, 0, '2019-08-24', 8, 13, 0),
(763, 4, 0, '2019-08-25', 8, 13, 55),
(764, 4, 0, '2019-08-26', 8, 14, 55),
(765, 4, 0, '2019-08-27', 8, 16, 0),
(766, 4, 0, '2019-08-28', 8, 17, 0),
(767, 4, 0, '2019-08-29', 8, 18, 0),
(768, 4, 0, '2019-08-30', 8, 19, 0),
(769, 5, 0, '2019-02-20', 6, 34, 20),
(770, 5, 0, '2019-02-21', 6, 34, 4),
(771, 5, 0, '2019-02-22', 6, 33, 52),
(772, 5, 0, '2019-02-23', 6, 33, 40),
(773, 5, 0, '2019-02-24', 6, 33, 28),
(774, 5, 0, '2019-02-25', 6, 33, 16),
(775, 5, 0, '2019-02-26', 6, 33, 2),
(776, 5, 0, '2019-02-27', 6, 32, 50),
(777, 5, 0, '2019-02-28', 6, 32, 45),
(778, 5, 0, '2019-03-01', 6, 32, 35),
(779, 5, 0, '2019-03-02', 6, 32, 20),
(780, 5, 0, '2019-03-03', 6, 32, 0),
(781, 5, 0, '2019-03-04', 6, 31, 45),
(782, 5, 0, '2019-03-05', 6, 31, 30),
(783, 5, 0, '2019-03-06', 6, 31, 10),
(784, 5, 0, '2019-03-07', 6, 30, 55),
(785, 5, 0, '2019-03-08', 6, 30, 35),
(786, 5, 0, '2019-03-09', 6, 30, 20),
(787, 5, 0, '2019-03-10', 6, 30, 0),
(788, 5, 0, '2019-03-11', 6, 29, 45),
(789, 5, 0, '2019-03-12', 6, 29, 30),
(790, 5, 0, '2019-03-13', 6, 29, 15),
(791, 5, 0, '2019-03-14', 6, 28, 58),
(792, 5, 0, '2019-03-15', 6, 28, 45),
(793, 5, 0, '2019-03-16', 6, 28, 35),
(794, 5, 0, '2019-03-17', 6, 28, 25),
(795, 5, 0, '2019-03-18', 6, 28, 9),
(796, 5, 0, '2019-03-19', 6, 27, 50),
(797, 5, 0, '2019-03-20', 6, 27, 30),
(798, 5, 0, '2019-03-21', 6, 27, 20),
(799, 5, 0, '2019-03-22', 6, 26, 58),
(800, 5, 0, '2019-03-23', 6, 26, 42),
(801, 5, 0, '2019-03-24', 6, 26, 20),
(802, 5, 0, '2019-03-25', 6, 26, 0),
(803, 5, 0, '2019-03-26', 6, 25, 45),
(804, 5, 0, '2019-03-27', 6, 25, 15),
(805, 5, 0, '2019-03-28', 6, 24, 55),
(806, 5, 0, '2019-03-29', 6, 24, 30),
(807, 5, 0, '2019-03-30', 6, 24, 7),
(808, 5, 0, '2019-03-31', 6, 23, 45),
(809, 5, 0, '2019-04-01', 6, 23, 30),
(810, 5, 0, '2019-04-02', 6, 23, 7),
(811, 5, 0, '2019-04-03', 6, 22, 45),
(812, 5, 0, '2019-04-04', 6, 22, 25),
(813, 5, 0, '2019-04-05', 6, 22, 10),
(814, 5, 0, '2019-04-06', 6, 21, 55),
(815, 5, 0, '2019-04-07', 6, 21, 45),
(816, 5, 0, '2019-04-08', 6, 21, 30),
(817, 5, 0, '2019-04-09', 6, 21, 10),
(818, 5, 0, '2019-04-10', 6, 20, 55),
(819, 5, 0, '2019-04-11', 6, 20, 50),
(820, 5, 0, '2019-04-12', 6, 20, 40),
(821, 5, 0, '2019-04-13', 6, 20, 35),
(822, 5, 0, '2019-04-14', 6, 20, 20),
(823, 5, 0, '2019-04-15', 6, 20, 13),
(824, 5, 0, '2019-04-16', 6, 19, 55),
(825, 5, 0, '2019-04-17', 6, 19, 45),
(826, 5, 0, '2019-04-18', 6, 19, 30),
(827, 5, 0, '2019-04-19', 6, 19, 21),
(828, 5, 0, '2019-04-20', 6, 19, 15),
(829, 5, 0, '2019-04-21', 6, 19, 0),
(830, 5, 0, '2019-04-22', 6, 18, 55),
(831, 5, 0, '2019-04-23', 6, 18, 45),
(832, 5, 0, '2019-04-24', 6, 18, 40),
(833, 5, 0, '2019-04-25', 6, 18, 30),
(834, 5, 0, '2019-04-26', 6, 18, 22),
(835, 5, 0, '2019-04-27', 6, 18, 20),
(836, 5, 0, '2019-04-28', 6, 18, 20),
(837, 5, 0, '2019-04-29', 6, 18, 20),
(838, 5, 0, '2019-04-30', 6, 18, 20),
(839, 5, 0, '2019-05-01', 6, 18, 19),
(840, 5, 0, '2019-05-02', 6, 18, 19),
(841, 5, 0, '2019-05-03', 6, 18, 20),
(842, 5, 0, '2019-05-04', 6, 18, 20),
(843, 5, 0, '2019-05-05', 6, 18, 20),
(844, 5, 0, '2019-05-06', 6, 18, 23),
(845, 5, 0, '2019-05-07', 6, 18, 25),
(846, 5, 0, '2019-05-08', 6, 18, 30),
(847, 5, 0, '2019-05-09', 6, 18, 40),
(848, 5, 0, '2019-05-10', 6, 18, 50),
(849, 5, 0, '2019-05-11', 6, 19, 0),
(850, 5, 0, '2019-05-12', 6, 19, 10),
(851, 5, 0, '2019-05-13', 6, 19, 25),
(852, 5, 0, '2019-05-14', 6, 19, 35),
(853, 5, 0, '2019-05-15', 6, 19, 45),
(854, 5, 0, '2019-05-16', 6, 19, 55),
(855, 5, 0, '2019-05-17', 6, 20, 8),
(856, 5, 0, '2019-05-18', 6, 20, 20),
(857, 5, 0, '2019-05-19', 6, 20, 38),
(858, 5, 0, '2019-05-20', 6, 21, 0),
(859, 5, 0, '2019-05-21', 6, 21, 25),
(860, 5, 0, '2019-05-22', 6, 21, 50),
(861, 5, 0, '2019-05-23', 6, 22, 15),
(862, 5, 0, '2019-05-24', 6, 22, 40),
(863, 5, 0, '2019-05-25', 6, 23, 3),
(864, 5, 0, '2019-05-26', 6, 23, 30),
(865, 5, 0, '2019-05-27', 6, 23, 55),
(866, 5, 0, '2019-05-28', 6, 24, 25),
(867, 5, 0, '2019-05-29', 6, 24, 55),
(868, 5, 0, '2019-05-30', 6, 25, 26),
(869, 5, 0, '2019-05-31', 6, 25, 58),
(870, 5, 0, '2019-06-01', 6, 26, 30),
(871, 5, 0, '2019-06-02', 6, 27, 3),
(872, 5, 0, '2019-06-03', 6, 27, 37),
(873, 5, 0, '2019-06-04', 6, 28, 12),
(874, 5, 0, '2019-06-05', 6, 28, 48),
(875, 5, 0, '2019-06-06', 6, 29, 26),
(876, 5, 0, '2019-06-07', 6, 30, 5),
(877, 5, 0, '2019-06-08', 6, 30, 46),
(878, 5, 0, '2019-06-09', 6, 31, 28),
(879, 5, 0, '2019-06-10', 6, 32, 12),
(880, 5, 0, '2019-06-11', 6, 32, 57),
(881, 5, 0, '2019-06-12', 6, 33, 43),
(882, 5, 0, '2019-06-13', 6, 34, 30),
(883, 5, 0, '2019-06-14', 6, 35, 18),
(884, 5, 0, '2019-06-15', 6, 36, 6),
(885, 5, 0, '2019-06-16', 6, 36, 55),
(886, 5, 0, '2019-06-17', 6, 37, 45),
(887, 5, 0, '2019-06-18', 6, 38, 35),
(888, 5, 0, '2019-06-19', 6, 39, 30),
(889, 5, 0, '2019-06-20', 6, 40, 23),
(890, 5, 0, '2019-06-21', 6, 41, 15),
(891, 5, 0, '2019-06-22', 6, 42, 11),
(892, 5, 0, '2019-06-23', 6, 43, 7),
(893, 5, 0, '2019-06-24', 6, 44, 2),
(894, 5, 0, '2019-06-25', 6, 44, 59),
(895, 5, 0, '2019-06-26', 6, 45, 59),
(896, 5, 0, '2019-06-27', 6, 46, 59),
(897, 5, 0, '2019-06-28', 6, 47, 59),
(898, 5, 0, '2019-06-29', 6, 48, 59),
(899, 5, 0, '2019-06-30', 6, 49, 59),
(900, 5, 0, '2019-07-01', 6, 50, 59),
(901, 5, 0, '2019-07-02', 6, 51, 59),
(902, 5, 0, '2019-07-03', 6, 52, 59),
(903, 5, 0, '2019-07-04', 6, 53, 59),
(904, 5, 0, '2019-07-05', 6, 54, 59),
(905, 5, 0, '2019-07-06', 6, 55, 59),
(906, 5, 0, '2019-07-07', 6, 56, 59),
(907, 5, 0, '2019-07-08', 6, 58, 7),
(908, 5, 0, '2019-07-09', 6, 59, 9),
(909, 5, 0, '2019-07-10', 7, 0, 14),
(910, 5, 0, '2019-07-11', 7, 1, 17),
(911, 5, 0, '2019-07-12', 7, 2, 19),
(912, 5, 0, '2019-07-13', 7, 3, 20),
(913, 5, 0, '2019-07-14', 7, 4, 25),
(914, 5, 0, '2019-07-15', 7, 5, 32),
(915, 5, 0, '2019-07-16', 7, 6, 35),
(916, 5, 0, '2019-07-17', 7, 7, 39),
(917, 5, 0, '2019-07-18', 7, 8, 48),
(918, 5, 0, '2019-07-19', 7, 9, 50),
(919, 5, 0, '2019-07-20', 7, 11, 0),
(920, 5, 0, '2019-07-21', 7, 12, 5),
(921, 5, 0, '2019-07-22', 7, 13, 10),
(922, 5, 0, '2019-07-23', 7, 14, 10),
(923, 5, 0, '2019-07-24', 7, 15, 13),
(924, 5, 0, '2019-07-25', 7, 16, 20),
(925, 5, 0, '2019-07-26', 7, 17, 25),
(926, 5, 0, '2019-07-27', 7, 18, 35),
(927, 5, 0, '2019-07-28', 7, 19, 40),
(928, 5, 0, '2019-07-29', 7, 20, 45),
(929, 5, 0, '2019-07-30', 7, 21, 50),
(930, 5, 0, '2019-07-31', 7, 22, 50),
(931, 5, 0, '2019-08-01', 7, 24, 0),
(932, 5, 0, '2019-08-02', 7, 25, 5),
(933, 5, 0, '2019-08-03', 7, 26, 10),
(934, 5, 0, '2019-08-04', 7, 27, 13),
(935, 5, 0, '2019-08-05', 7, 28, 19),
(936, 5, 0, '2019-08-06', 7, 29, 20),
(937, 5, 0, '2019-08-07', 7, 30, 22),
(938, 5, 0, '2019-08-08', 7, 31, 25),
(939, 5, 0, '2019-08-09', 7, 32, 25),
(940, 5, 0, '2019-08-10', 7, 33, 25),
(941, 5, 0, '2019-08-11', 7, 34, 33),
(942, 5, 0, '2019-08-12', 7, 35, 39),
(943, 5, 0, '2019-08-13', 7, 36, 40),
(944, 5, 0, '2019-08-14', 7, 37, 45),
(945, 5, 0, '2019-08-15', 7, 38, 45),
(946, 5, 0, '2019-08-16', 7, 39, 49),
(947, 5, 0, '2019-08-17', 7, 40, 50),
(948, 5, 0, '2019-08-18', 7, 42, 0),
(949, 5, 0, '2019-08-19', 7, 43, 0),
(950, 5, 0, '2019-08-20', 7, 44, 0),
(951, 5, 0, '2019-08-21', 7, 45, 0),
(952, 5, 0, '2019-08-22', 7, 46, 0),
(953, 5, 0, '2019-08-23', 7, 47, 0),
(954, 5, 0, '2019-08-24', 7, 48, 0),
(955, 5, 0, '2019-08-25', 7, 48, 55),
(956, 5, 0, '2019-08-26', 7, 49, 55),
(957, 5, 0, '2019-08-27', 7, 51, 0),
(958, 5, 0, '2019-08-28', 7, 52, 0),
(959, 5, 0, '2019-08-29', 7, 53, 0),
(960, 5, 0, '2019-08-30', 7, 54, 0);

-- --------------------------------------------------------

--
-- Estructura de tabla para la tabla `importaciones`
--

CREATE TABLE `importaciones` (
  `id_importaciones` int(11) NOT NULL,
  `id_users` int(11) NOT NULL,
  `importaciones_tipos` enum('Numeros Tarjetas') NOT NULL,
  `archivo` varchar(200) NOT NULL,
  `fecha_alta` timestamp NOT NULL DEFAULT CURRENT_TIMESTAMP
) ENGINE=InnoDB DEFAULT CHARSET=latin1;

-- --------------------------------------------------------

--
-- Estructura de tabla para la tabla `mediciones`
--

CREATE TABLE `mediciones` (
  `id_mediciones` int(11) NOT NULL,
  `id_componentes` int(11) NOT NULL,
  `med_temperatura` double NOT NULL,
  `med_humedad` double NOT NULL,
  `med_temperatura_limite_inferior` double NOT NULL DEFAULT '0',
  `med_temperatura_limite_superior` double NOT NULL DEFAULT '0',
  `med_humedad_limite_inferior` double NOT NULL DEFAULT '0',
  `med_humedad_limite_superior` double NOT NULL DEFAULT '0',
  `med_temperatura_estado` enum('alta','baja','normal') NOT NULL,
  `med_humedad_estado` enum('alta','baja','normal') NOT NULL,
  `med_fecha_alta` timestamp NOT NULL DEFAULT CURRENT_TIMESTAMP
) ENGINE=InnoDB DEFAULT CHARSET=utf8mb4;

-- --------------------------------------------------------

--
-- Estructura de tabla para la tabla `settings`
--

CREATE TABLE `settings` (
  `id_settings` int(11) NOT NULL,
  `nombre` varchar(150) NOT NULL,
  `desarrollador` varchar(150) NOT NULL,
  `domicilio` varchar(255) NOT NULL,
  `email` varchar(255) NOT NULL,
  `logo` varchar(150) NOT NULL,
  `skin` enum('skin-blue','skin-black','skin-purple','skin-green','skin-red','skin-yellow','skin-blue-light','skin-black-light','skin-purple-light','skin-green-light','skin-red-light','skin-yellow-light','skin-pink') NOT NULL,
  `version` varchar(11) NOT NULL
) ENGINE=InnoDB DEFAULT CHARSET=latin1;

--
-- Volcado de datos para la tabla `settings`
--

INSERT INTO `settings` (`id_settings`, `nombre`, `desarrollador`, `domicilio`, `email`, `logo`, `skin`, `version`) VALUES
(1, 'TAP - App', 'HandTec / ReproiSa', 'Adolfo Guemes 505', 'soporte@hantec.com.ar / soporte@reproisa.com', '', 'skin-yellow', '1.0');

-- --------------------------------------------------------

--
-- Estructura de tabla para la tabla `users`
--

CREATE TABLE `users` (
  `id` int(11) UNSIGNED NOT NULL,
  `ip_address` varchar(15) NOT NULL,
  `username` varchar(100) NOT NULL,
  `password` varchar(255) NOT NULL,
  `salt` varchar(255) DEFAULT NULL,
  `email` varchar(100) NOT NULL,
  `activation_code` varchar(40) DEFAULT NULL,
  `forgotten_password_code` varchar(40) DEFAULT NULL,
  `forgotten_password_time` int(11) UNSIGNED DEFAULT NULL,
  `remember_code` varchar(40) DEFAULT NULL,
  `created_on` int(11) UNSIGNED NOT NULL,
  `last_login` int(11) UNSIGNED DEFAULT NULL,
  `active` tinyint(1) UNSIGNED DEFAULT NULL,
  `nombre` varchar(50) DEFAULT NULL,
  `apellido` varchar(50) DEFAULT NULL,
  `telefono` varchar(20) DEFAULT NULL,
  `id_provincias` int(11) DEFAULT NULL,
  `id_localidades` int(11) DEFAULT NULL,
  `id_empresas` int(11) NOT NULL
) ENGINE=InnoDB DEFAULT CHARSET=utf8;

--
-- Volcado de datos para la tabla `users`
--

INSERT INTO `users` (`id`, `ip_address`, `username`, `password`, `salt`, `email`, `activation_code`, `forgotten_password_code`, `forgotten_password_time`, `remember_code`, `created_on`, `last_login`, `active`, `nombre`, `apellido`, `telefono`, `id_provincias`, `id_localidades`, `id_empresas`) VALUES
(2, '::1', 'ingfernandezcanchi', '$2y$08$nr5vMtNOiig2R41l5uGBDOB24jR8.bDdFFMnaC6ThSjYTQ2Nri1YK', NULL, 'ingfernandezcanchi@hotmail.com', NULL, NULL, NULL, NULL, 1461846001, 1548954961, 1, 'Hugo Javier', 'Fernández', '3875896876', 1834, 571774, 0),
(3, '186.125.21.163', 'cristianego', '$2y$08$MaB8jkf/e0wqRHkxxevq7elyB8rK/h8WaKcFeM4CqJ20DVodPH4tC', NULL, 'cristianego@hotmail.com', NULL, NULL, NULL, NULL, 1474936418, 1487707269, 1, 'Cristian Emanuel ', 'Gonzalez', '000000000', 1834, 571774, 1),
(4, '186.109.218.37', 'jalcazar', '$2y$08$bDUJRag56pijr1vzRMiSyuNzeWE3g0sKr2tuTJRUVtb6/7eM.Y6CO', NULL, 'lic.josealcazar@gmail.com', NULL, NULL, NULL, NULL, 1475178996, 1488022526, 1, 'Jose', 'Alcazar', '00000', 1834, 571774, 1),
(5, '181.93.103.12', 'prueba', '$2y$08$e15nxLN/7nP2GbKJ5.L1j.Pt4VAUNFpCHZ1S4YwJPrz54seIb54se', NULL, 'prueba@prueba.com', NULL, NULL, NULL, NULL, 1476964505, 1476979205, 1, 'Usuario', 'Prueba', '4242261', 1834, 571774, 0),
(6, '186.182.202.18', 'azambrano', '$2y$08$w8HYbbV0N/W7cN1BI1QPhu9/.26i1SdzUnFzn6/GEWfPv19n7zHyO', NULL, 'azambrano82@hotmail.com', NULL, NULL, NULL, NULL, 1480972268, 1482192423, 1, 'Alejandro', 'Zambrano', '00000000000', 1834, 571774, 2),
(8, '186.182.202.18', 'federico.cooke@betaconsulting.com.ar', '$2y$08$kmKbbM4Q34cSkcoCFX0nXe/YZwUJnETe9qToSEumogZYZ0lirzlrS', NULL, 'federico.cooke@betaconsulting.com.ar', NULL, NULL, NULL, NULL, 1480975972, 1481926751, 1, 'Federico', 'Cooke', '000000', 1834, 571774, 1),
(9, '::1', 'noeliaclemente09', '$2y$08$ywmKhidsbSZRmSIfFz7amechNWeGHidK2.y8YKXlhelmnDW1xA2t.', NULL, 'noeliaclemente09@hotmail.com', NULL, NULL, NULL, NULL, 1488637246, 1491530841, 0, 'Noelia', 'Clemente', '3875', 1834, 571774, 3);

-- --------------------------------------------------------

--
-- Estructura de tabla para la tabla `users_groups`
--

CREATE TABLE `users_groups` (
  `id` int(11) UNSIGNED NOT NULL,
  `user_id` int(11) UNSIGNED NOT NULL,
  `group_id` mediumint(8) UNSIGNED NOT NULL
) ENGINE=InnoDB DEFAULT CHARSET=utf8;

--
-- Volcado de datos para la tabla `users_groups`
--

INSERT INTO `users_groups` (`id`, `user_id`, `group_id`) VALUES
(117, 2, 1),
(122, 4, 1),
(123, 4, 2),
(101, 5, 2),
(102, 6, 2),
(106, 8, 2),
(145, 9, 2);

--
-- Índices para tablas volcadas
--

--
-- Indices de la tabla `acciones`
--
ALTER TABLE `acciones`
  ADD PRIMARY KEY (`id_acciones`);

--
-- Indices de la tabla `componentes`
--
ALTER TABLE `componentes`
  ADD PRIMARY KEY (`id_componentes`);

--
-- Indices de la tabla `groups`
--
ALTER TABLE `groups`
  ADD PRIMARY KEY (`id`);

--
-- Indices de la tabla `horarios`
--
ALTER TABLE `horarios`
  ADD PRIMARY KEY (`id_horarios`);

--
-- Indices de la tabla `importaciones`
--
ALTER TABLE `importaciones`
  ADD PRIMARY KEY (`id_importaciones`);

--
-- Indices de la tabla `mediciones`
--
ALTER TABLE `mediciones`
  ADD PRIMARY KEY (`id_mediciones`);

--
-- Indices de la tabla `settings`
--
ALTER TABLE `settings`
  ADD PRIMARY KEY (`id_settings`);

--
-- Indices de la tabla `users`
--
ALTER TABLE `users`
  ADD PRIMARY KEY (`id`);

--
-- Indices de la tabla `users_groups`
--
ALTER TABLE `users_groups`
  ADD PRIMARY KEY (`id`),
  ADD UNIQUE KEY `uc_users_groups` (`user_id`,`group_id`),
  ADD KEY `fk_users_groups_users1_idx` (`user_id`),
  ADD KEY `fk_users_groups_groups1_idx` (`group_id`);

--
-- AUTO_INCREMENT de las tablas volcadas
--

--
-- AUTO_INCREMENT de la tabla `acciones`
--
ALTER TABLE `acciones`
  MODIFY `id_acciones` int(11) NOT NULL AUTO_INCREMENT;

--
-- AUTO_INCREMENT de la tabla `componentes`
--
ALTER TABLE `componentes`
  MODIFY `id_componentes` int(11) NOT NULL AUTO_INCREMENT, AUTO_INCREMENT=13;

--
-- AUTO_INCREMENT de la tabla `groups`
--
ALTER TABLE `groups`
  MODIFY `id` mediumint(8) UNSIGNED NOT NULL AUTO_INCREMENT, AUTO_INCREMENT=4;

--
-- AUTO_INCREMENT de la tabla `horarios`
--
ALTER TABLE `horarios`
  MODIFY `id_horarios` int(11) NOT NULL AUTO_INCREMENT, AUTO_INCREMENT=961;

--
-- AUTO_INCREMENT de la tabla `importaciones`
--
ALTER TABLE `importaciones`
  MODIFY `id_importaciones` int(11) NOT NULL AUTO_INCREMENT;

--
-- AUTO_INCREMENT de la tabla `mediciones`
--
ALTER TABLE `mediciones`
  MODIFY `id_mediciones` int(11) NOT NULL AUTO_INCREMENT;

--
-- AUTO_INCREMENT de la tabla `settings`
--
ALTER TABLE `settings`
  MODIFY `id_settings` int(11) NOT NULL AUTO_INCREMENT, AUTO_INCREMENT=2;

--
-- AUTO_INCREMENT de la tabla `users`
--
ALTER TABLE `users`
  MODIFY `id` int(11) UNSIGNED NOT NULL AUTO_INCREMENT, AUTO_INCREMENT=10;

--
-- AUTO_INCREMENT de la tabla `users_groups`
--
ALTER TABLE `users_groups`
  MODIFY `id` int(11) UNSIGNED NOT NULL AUTO_INCREMENT, AUTO_INCREMENT=146;

--
-- Restricciones para tablas volcadas
--

--
-- Filtros para la tabla `users_groups`
--
ALTER TABLE `users_groups`
  ADD CONSTRAINT `fk_users_groups_groups1` FOREIGN KEY (`group_id`) REFERENCES `groups` (`id`) ON DELETE CASCADE ON UPDATE NO ACTION,
  ADD CONSTRAINT `fk_users_groups_users1` FOREIGN KEY (`user_id`) REFERENCES `users` (`id`) ON DELETE CASCADE ON UPDATE NO ACTION;
COMMIT;

/*!40101 SET CHARACTER_SET_CLIENT=@OLD_CHARACTER_SET_CLIENT */;
/*!40101 SET CHARACTER_SET_RESULTS=@OLD_CHARACTER_SET_RESULTS */;
/*!40101 SET COLLATION_CONNECTION=@OLD_COLLATION_CONNECTION */;
